"email","firstName","lastName"
"email13203627721536@zmail.com","first13203627721534","last13203627721535"
"email13203627722319@zmail.com","first13203627722317","last13203627722318"
"email132036277229312@zmail.com","first132036277229310","last132036277229311"
"email132036277235615@zmail.com","first132036277235613","last132036277235614"
"email132036277241818@zmail.com","first132036277241816","last132036277241817"
"email132036277248021@zmail.com","first132036277248019","last132036277248020"
"email132036277254324@zmail.com","first132036277254322","last132036277254323"
"email132036277259027@zmail.com","first132036277259025","last132036277259026"
"email132036277265230@zmail.com","first132036277265228","last132036277265229"
"email132036277271433@zmail.com","first132036277271431","last132036277271432"
"email132036277279236@zmail.com","first132036277279234","last132036277279235"
"email132036277285439@zmail.com","first132036277285437","last132036277285438"
"email132036277291742@zmail.com","first132036277291740","last132036277291741"
"email132036277296445@zmail.com","first132036277296443","last132036277296444"
"email132036277304248@zmail.com","first132036277304246","last132036277304247"
"email132036277310451@zmail.com","first132036277310449","last132036277310450"
"email132036277322954@zmail.com","first132036277322952","last132036277322953"
"email132036277329157@zmail.com","first132036277329155","last132036277329156"
"email132036277335360@zmail.com","first132036277335358","last132036277335359"
"email132036277341663@zmail.com","first132036277341661","last132036277341662"
"email132036277347866@zmail.com","first132036277347864","last132036277347865"
"email132036277354069@zmail.com","first132036277354067","last132036277354068"
"email132036277360372@zmail.com","first132036277360370","last132036277360371"
"email132036277364975@zmail.com","first132036277364973","last132036277364974"
"email132036277372778@zmail.com","first132036277372776","last132036277372777"
"email132036277385281@zmail.com","first132036277385279","last132036277385280"
"email132036277391484@zmail.com","first132036277391482","last132036277391483"
"email132036277397787@zmail.com","first132036277397785","last132036277397786"
"email132036277403990@zmail.com","first132036277403988","last132036277403989"
"email132036277408693@zmail.com","first132036277408691","last132036277408692"
"email132036277414896@zmail.com","first132036277414894","last132036277414895"
"email132036277421099@zmail.com","first132036277421097","last132036277421098"
"email1320362774257102@zmail.com","first1320362774257100","last1320362774257101"
"email1320362774366105@zmail.com","first1320362774366103","last1320362774366104"
"email1320362774460108@zmail.com","first1320362774460106","last1320362774460107"
"email1320362774507111@zmail.com","first1320362774507109","last1320362774507110"
"email1320362774569114@zmail.com","first1320362774569112","last1320362774569113"
"email1320362774631117@zmail.com","first1320362774631115","last1320362774631116"
"email1320362774694120@zmail.com","first1320362774694118","last1320362774694119"
"email1320362774772123@zmail.com","first1320362774772121","last1320362774772122"
"email1320362774834126@zmail.com","first1320362774834124","last1320362774834125"
"email1320362774912129@zmail.com","first1320362774912127","last1320362774912128"
"email1320362774974132@zmail.com","first1320362774974130","last1320362774974131"
"email1320362775037135@zmail.com","first1320362775037133","last1320362775037134"
"email1320362775099138@zmail.com","first1320362775099136","last1320362775099137"
"email1320362775161141@zmail.com","first1320362775161139","last1320362775161140"
"email1320362775224144@zmail.com","first1320362775224142","last1320362775224143"
"email1320362775286147@zmail.com","first1320362775286145","last1320362775286146"
"email1320362775333150@zmail.com","first1320362775333148","last1320362775333149"
"email1320362775395153@zmail.com","first1320362775395151","last1320362775395152"
"email1320362775457156@zmail.com","first1320362775457154","last1320362775457155"
"email1320362775520159@zmail.com","first1320362775520157","last1320362775520158"
"email1320362775598162@zmail.com","first1320362775598160","last1320362775598161"
"email1320362775660165@zmail.com","first1320362775660163","last1320362775660164"
"email1320362775722168@zmail.com","first1320362775722166","last1320362775722167"
"email1320362775785171@zmail.com","first1320362775785169","last1320362775785170"
"email1320362775847174@zmail.com","first1320362775847172","last1320362775847173"
"email1320362775894177@zmail.com","first1320362775894175","last1320362775894176"
"email1320362775956180@zmail.com","first1320362775956178","last1320362775956179"
"email1320362776034183@zmail.com","first1320362776034181","last1320362776034182"
"email1320362776096186@zmail.com","first1320362776096184","last1320362776096185"
"email1320362776159189@zmail.com","first1320362776159187","last1320362776159188"
"email1320362776221192@zmail.com","first1320362776221190","last1320362776221191"
"email1320362776283195@zmail.com","first1320362776283193","last1320362776283194"
"email1320362776330198@zmail.com","first1320362776330196","last1320362776330197"
"email1320362776393201@zmail.com","first1320362776393199","last1320362776393200"
"email1320362776455204@zmail.com","first1320362776455202","last1320362776455203"
"email1320362776517207@zmail.com","first1320362776517205","last1320362776517206"
"email1320362776580210@zmail.com","first1320362776580208","last1320362776580209"
"email1320362776626213@zmail.com","first1320362776626211","last1320362776626212"
"email1320362776704216@zmail.com","first1320362776704214","last1320362776704215"
"email1320362776751219@zmail.com","first1320362776751217","last1320362776751218"
"email1320362776813222@zmail.com","first1320362776813220","last1320362776813221"
"email1320362776876225@zmail.com","first1320362776876223","last1320362776876224"
"email1320362776938228@zmail.com","first1320362776938226","last1320362776938227"
"email1320362776985231@zmail.com","first1320362776985229","last1320362776985230"
"email1320362777047234@zmail.com","first1320362777047232","last1320362777047233"
"email1320362777094237@zmail.com","first1320362777094235","last1320362777094236"
"email1320362777156240@zmail.com","first1320362777156238","last1320362777156239"
"email1320362777219243@zmail.com","first1320362777219241","last1320362777219242"
"email1320362777281246@zmail.com","first1320362777281244","last1320362777281245"
"email1320362777328249@zmail.com","first1320362777328247","last1320362777328248"
"email1320362777390252@zmail.com","first1320362777390250","last1320362777390251"
"email1320362777452255@zmail.com","first1320362777452253","last1320362777452254"
"email1320362777515258@zmail.com","first1320362777515256","last1320362777515257"
"email1320362777562261@zmail.com","first1320362777562259","last1320362777562260"
"email1320362777624264@zmail.com","first1320362777624262","last1320362777624263"
"email1320362777686267@zmail.com","first1320362777686265","last1320362777686266"
"email1320362777749270@zmail.com","first1320362777749268","last1320362777749269"
"email1320362777811273@zmail.com","first1320362777811271","last1320362777811272"
"email1320362777873276@zmail.com","first1320362777873274","last1320362777873275"
"email1320362777936279@zmail.com","first1320362777936277","last1320362777936278"
"email1320362777982282@zmail.com","first1320362777982280","last1320362777982281"
"email1320362778045285@zmail.com","first1320362778045283","last1320362778045284"
"email1320362778107288@zmail.com","first1320362778107286","last1320362778107287"
"email1320362778169291@zmail.com","first1320362778169289","last1320362778169290"
"email1320362778216294@zmail.com","first1320362778216292","last1320362778216293"
"email1320362778278297@zmail.com","first1320362778278295","last1320362778278296"
"email1320362778341300@zmail.com","first1320362778341298","last1320362778341299"
"email1320362778450303@zmail.com","first1320362778450301","last1320362778450302"
